<?xml version="1.0" encoding="UTF-8"?>

<!DOCTYPE struts-config PUBLIC
"-//Apache Software Foundation//DTD Struts Configuration 1.3//EN"
"http://jakarta.apache.org/struts/dtds/struts-config_1_3.dtd">

<struts-config>

	<form-beans>
	
		<!-- form thêm hợp đồng -->
		<form-bean name="hopDongForm" type="form.HopDongForm" />
		
		<!-- danh sach chi tiết hợp đồng -->
		<form-bean name="danhSachHopDongForm" type="form.DanhSachHopDongForm"/>
		
		<!-- chi tiết hợp đồng -->
		<form-bean name="chiTietHopDongForm" type="form.ChiTietHopDongForm" />
		
		<!-- thanh toán hợp đồng -->
		<form-bean name="thanhToanForm" type="form.ThanhToanForm" />
		
		<!-- gian hạn hợp đồng -->
		<form-bean name="phiGiaHanForm" type="form.PhiGiaHanForm" />
		
		<!-- form thống kê -->
		<form-bean name="formThongKe" type="form.ThongKeForm" />
		
		<!-- form tài sản -->
		<form-bean name="formTaiSan" type="form.TaiSanForm" />
		
		<!-- form hàng thanh lý -->
		<form-bean name="hangThanhLyForm" type="form.HangThanhLyForm" />
		
		<!-- cập nhật hàng thanh lý vào giỏ hàng -->
		<form-bean name="capNhatHangThanhLyForm" type="form.CapNhatHangThanhLyForm"/>
		
	</form-beans>

	<action-mappings>
			
		<!-- Thêm hợp đồng -->
		<action path="/themHopDong" type="action.HopDongAction" name="hopDongForm"
			 	scope="request" input="/themhopdong.jsp">
			<forward name="thanhcong" path="/themHopDong.do" redirect="true"/>
			<forward name="loi" path="/themhopdong.jsp" />
		</action>
		
		<!-- danh sách chi tiết hợp đồng -->
		<action path="/danhsachhopdong" type="action.DanhSachHopDongAction" name="danhSachHopDongForm"
			 	scope="request" input="/danhsachhopdong.jsp">
		</action>
		
		<!-- Thêm chi tiết hợp đồng -->
		<action path="/themChiTietHopDong" type="action.ChiTietHopDongAction" name="chiTietHopDongForm" 
			scope="request" input="/chitiethopdong.jsp" >
			<forward name="thanhcong" path="/themChiTietHopDong.do" redirect="true"></forward>
			<forward name="thatbai" path="/chitiethopdong.jsp" />
			<!-- <forward name="phiHopDong" path="/phiHopDong.do" /> -->
		</action>
		
		<!-- tính lãi suất chi tiết hợp đồng ajax -->
		<action path="/tinh-lai-suat" type="action.TinhLaiSuatChiTietHopDongAjaxAction" name="chiTietHopDongForm" 
			scope="request" input="/chitiethopdong.jsp">
		</action>
		
		<!-- Thanh Toán hợp đồng -->
		<action path="/thanhToan" type="action.ThanhToanAction" name="thanhToanForm"
			scope="request" input="/thanhtoanhopdong.jsp">
			<forward name="thanhcong" path="/thanhToan.do" redirect="true"/>
			<forward name="phiGiaHan" path="/phiGiaHan.do" redirect="true"/>
			<forward name="daxong" path="danhsachhopdong.do" redirect="true"/>
		</action>

		<!-- Tính phi gia han -->
		<action path="/phiGiaHan" type="action.PhiGiaHanAction" name="phiGiaHanForm"
			scope="request" input="/phigiahan.jsp">
			<forward name="phiGiaHan" path="/phigiahan.jsp" />
			<forward name="thanhToan" path="/thanhToan.do" redirect="true"/>
		</action>
		
		<!-- thống kê -->
		<action input="/admin.js" path="/thong-ke" type="action.ThongKeAction"
			name="formThongKe" scope="request" parameter="action">
			<forward name="khachhang" path="/tk_khachhang.jsp" />
			<forward name="sanpham" path="/tk_sanpham.jsp"/>
			<forward name="doanhthu" path="/tk_doanhthu.jsp"/>
			<forward name="hopdong" path="/admin.jsp"/>
			<forward name="thanhcong" path="/thong-ke.do?action=hopdonghethan" redirect="true"/>
		</action>
		
		<!-- thống kê khách hàng ajax -->
		<action input="/admin.js" path="/thong-ke-khach-hang" type="action.ThongKeKhachHangAjaxAction"
			name="formThongKe" scope="request" parameter="action">
		</action>
		
		<!-- thống kê sản phẩm ajax -->
		<action input="/admin.js" path="/thong-ke-san-pham" type="action.ThongKeSanPhamAjaxAction"
			name="formThongKe" scope="request" parameter="action">
		</action>
		
		<!-- thống kê doanh thu ajax -->
		<action input="/admin.js" path="/thong-ke-doanh-thu" type="action.ThongKeDoanhThuAjaxAction"
			name="formThongKe" scope="request" parameter="action">
		</action>
		
		<!-- load dữ liệu hợp đồng sắp hết hạn ajax -->
		<action input="/admin.js" path="/hop-dong" type="action.HopDongSapHetHanAjaxAction"
			name="formThongKe" scope="request" parameter="action">
		</action>
		
		<!-- tài sản -->
		<action input="/quanlytaisan.jsp" path="/tai-san" type="action.TaiSanAction"
			name="formTaiSan" scope="request">
			<forward name="thanhcong" path="/tai-san.do" redirect="true"/>
		</action>
		
		<!-- tìm kiếm tài sản ajax-->
		<action input="/quanlytaisan.jsp" path="/tim-kiem-tai-san" type="action.TimKiemTaiSanAjaxAction"
			name="formTaiSan" scope="request">
		</action>
		
		<!-- thanh lý tài sản -->
		<action input="/index.jsp" path="/thanh-ly-tai-san" type="action.HangThanhLyAction"
			name="hangThanhLyForm" scope="session">
			<forward name="thanhcong" path="/thong-ke.do?action=hopdonghethan" redirect="true"/>
			<forward name="thatbai" path="/thanh-ly-tai-san.do" redirect="true"/>
		</action>
		
		<!-- cập nhật hàng thanh lý vào giỏ hàng -->
		<action input="/capnhathangthanhly.jsp" path="/cap-nhat-thanh-ly" type="action.CapNhatHangThanhLyAction"
			name="capNhatHangThanhLyForm" scope="request">
			<forward name="thanhcong" path="/thong-ke.do?action=hopdonghethan" redirect="true"/>
		</action>
		
	</action-mappings>
	<message-resources parameter="action.thongbao"/>
	
</struts-config>